<?xml version="1.0"?>
<config xmlns:xsi="http://www.w3.org/2001/XMLSchema-instance" xsi:noNamespaceSchemaLocation="urn:magento:framework:Acl/etc/acl.xsd">
    <acl>
        <resources>
            <resource id="Magento_Backend::admin">
                <resource id="Dotsquares_Blog::sample" title="Blog">
                    <resource id="Dotsquares_Blog::productsgrid" title="Blog" sortOrder="12">
                    </resource>
                </resource>
                <resource id="Magento_Backend::stores">
                    <resource id="Magento_Backend::stores_settings">
                        <resource id="Magento_Config::config">
                            <resource id="Dotsquares_Blog::config_blog" title="Blog - Config Settings" />
                        </resource>
                    </resource>
                </resource>
            </resource>
        </resources>
    </acl>
</config>