<?xml version="1.0"?>
<config xmlns:xsi="http://www.w3.org/2001/XMLSchema-instance" xsi:noNamespaceSchemaLocation="urn:magento:framework:ObjectManager/etc/config.xsd">
    <type name="Magento\Framework\View\Element\UiComponent\DataProvider\CollectionFactory">
        <arguments>
            <argument name="collections" xsi:type="array">
                <item name="contacts_grid_data_source" xsi:type="string">Dotsquares\Blog\Model\ResourceModel\Contact\Grid\Collection</item>
            </argument>
        </arguments>
    </type>
    <type name="Dotsquares\Blog\Model\ResourceModel\Contact\Grid\Collection">
        <arguments>
            <argument name="mainTable" xsi:type="string">dotsquares_blog</argument>
            <argument name="eventPrefix" xsi:type="string">webspeaks_contact_grid_collection</argument>
            <argument name="eventObject" xsi:type="string">webspeaks_contact_grid_collection</argument>
            <argument name="resourceModel" xsi:type="string">Dotsquares\Blog\Model\ResourceModel\Contact</argument>
        </arguments>
    </type>
    <virtualType name="ContactGridDataProvider" type="Magento\Framework\View\Element\UiComponent\DataProvider\DataProvider">
        <arguments>
            <argument name="collection" xsi:type="object" shared="false">Dotsquares\Blog\Model\ResourceModel\Contact\Collection</argument>
            <argument name="filterPool" xsi:type="object" shared="false">ContactGrrdFilterPool</argument>
        </arguments>
    </virtualType>
    <virtualType name="ContactGrrdFilterPool" type="Magento\Framework\View\Element\UiComponent\DataProvider\FilterPool">
        <arguments>
            <argument name="appliers" xsi:type="array">
                <item name="regular" xsi:type="object">Magento\Framework\View\Element\UiComponent\DataProvider\RegularFilter</item>
                <item name="fulltext" xsi:type="object">Magento\Framework\View\Element\UiComponent\DataProvider\FulltextFilter</item>
            </argument>
        </arguments>
    </virtualType>
</config>
